id,sex.cov,area,aspect.ratio,sex.cov.1,sex,ngs.admix,subsp
CAM016019,male,494.735,2.138,male,0,0.567762952,hybrid
CAM016020,male,353.01,2.103,male,0,0.999999813,hybrid
CAM016021,male,566.055,2.184,male,0,0.50486781,hybrid
CAM016022,male,468.223,2.149,male,0,0.469468263,hybrid
CAM016023,male,520.881,2.17,male,0,0.458567947,hybrid
CAM016024,female,527.267,2.011,female,1,0.999999999,hybrid
CAM016025,male,380.301,2.184,male,0,0.000000001,hybrid
CAM016026,male,438.995,2.197,male,0,0.548629019,hybrid
CAM016027,female,446.028,2.134,female,1,0.556621673,hybrid
CAM016028,male,401.329,2.248,male,0,0.546115379,hybrid
CAM016029,male,475.37,2.266,male,0,0.998875148,hybrid
CAM016030,male,454.922,2.17,male,0,0.525894774,hybrid
CAM016031,male,452.946,2.154,male,0,0.530912767,hybrid
CAM016032,female,500.084,2.217,female,1,0.000000001,hybrid
CAM016033,female,451.184,2.088,female,1,0.485447192,hybrid
CAM016034,female,478.461,2.139,female,1,0.000000001,hybrid
CAM016035,male,464.768,2.287,male,0,0.000000001,hybrid
CAM016039,male,409.992,2.26,male,0,0.999945197,hybrid
CAM016045,female,489.43,2.086,female,1,0.601819446,notabilis
CAM016046,male,448.253,2.167,male,0,0.606920674,notabilis
CAM016047,female,426.054,2.167,female,1,0.999999999,notabilis
CAM016048,male,466.775,2.148,male,0,0.999999999,notabilis
CAM016049,female,470.557,2.164,female,1,0.99999434,hybrid
CAM016051,male,453.768,2.138,male,0,0.490130867,hybrid
CAM016052,male,508.143,2.131,male,0,0.532712749,hybrid
CAM016053,male,480.784,2.154,male,0,0.999999621,hybrid
CAM016054,male,489.419,2.263,male,0,0.999999737,hybrid
CAM016079,female,473.811,2.089,female,1,0.999999968,hybrid
CAM016088,female,353.766,2.114,female,1,0.999999055,hybrid
CAM016091,male,509.24,2.203,male,0,0.576494426,hybrid
CAM016094,female,496.565,2.094,female,1,0.558396139,hybrid
CAM016096,male,557.543,2.115,male,0,0.999999416,hybrid
CAM016099,female,469.92,2.19,female,1,0.999999999,hybrid
CAM016102,female,483.705,2.079,female,1,0.999999999,hybrid
CAM016105,female,451.146,2.123,female,1,0.999935028,hybrid
CAM016110,male,466.293,2.11,male,0,0.999999991,hybrid
CAM016112,female,507.587,2.058,female,1,0.553596887,hybrid
CAM016114,male,507.073,2.098,male,0,0.999999999,hybrid
CAM016115,female,434.783,2.148,female,1,0.562900233,hybrid
CAM016121,male,493.552,2.176,male,0,0.486819163,hybrid
CAM016124,female,486.401,2.099,female,1,0.999999999,hybrid
CAM016128,male,559.492,2.159,male,0,0.477857804,hybrid
CAM016129,male,550.453,2.128,male,0,0.489923737,hybrid
CAM016138,female,471.895,2.117,female,1,0.999999922,hybrid
CAM016139,male,493.626,2.246,male,0,0.554096889,hybrid
CAM016140,male,493.466,2.158,male,0,0.481846185,hybrid
CAM016145,male,351.749,2.193,male,0,0.427578983,hybrid
CAM016146,male,515.607,2.093,male,0,0.000000001,hybrid
CAM016147,male,482.057,2.094,male,0,0.451771707,hybrid
CAM016148,male,510.606,2.183,male,0,0.457785318,hybrid
CAM016149,male,521.683,2.098,male,0,0.501804719,hybrid
CAM016150,female,431.29,2.126,female,1,0.510158772,hybrid
CAM016151,female,461.41,2.13,female,1,0.518555567,hybrid
CAM016162,male,523.535,2.129,male,0,0.000000001,hybrid
CAM016163,male,297.051,2.198,male,0,0.970401864,hybrid
CAM016164,male,527.873,2.118,male,0,0.000000001,hybrid
CAM016167,female,480.132,2.176,female,1,0.000039369,hybrid
CAM016168,female,451.537,2.164,female,1,0.000000001,hybrid
CAM016169,male,529.48,2.153,male,0,0.516176732,hybrid
CAM016170,male,518.519,2.133,male,0,0.475275918,hybrid
CAM016171,male,487.024,2.209,male,0,0.496839934,hybrid
CAM016172,male,432.936,2.152,male,0,0.999999999,hybrid
CAM016174,female,473.888,2.137,female,1,0.999999996,hybrid
CAM016176,male,452.128,2.155,male,0,0.000000001,hybrid
CAM016177,male,456.775,2.159,male,0,0.5007764,hybrid
CAM016178,male,479.085,2.06,male,0,0.999999999,hybrid
CAM016179,female,474.526,2.153,female,1,0.49559123,hybrid
CAM016180,female,543.673,2.088,female,1,0.433334549,hybrid
CAM016181,female,475.946,2.118,female,1,0.999968426,hybrid
CAM016182,female,422.889,2.134,female,1,0.993140039,hybrid
CAM016184,female,518.324,2.102,female,1,0.55715979,hybrid
CAM016185,male,543.296,2.161,male,0,0.500481843,hybrid
CAM016186,male,494.773,2.103,male,0,0.000000001,hybrid
CAM016187,male,506.697,2.194,male,0,0.427977979,hybrid
CAM016188,female,471.899,2.137,female,1,0.430227867,hybrid
CAM016192,male,495.567,2.215,male,0,0.543037486,hybrid
CAM016193,female,527.484,2.135,female,1,0.510456637,hybrid
CAM016194,male,448.591,2.139,male,0,0.508682183,hybrid
CAM016208,female,346.456,2.11,female,1,0.000000001,hybrid
CAM016212,male,450.858,2.157,male,0,0.000000001,hybrid
CAM016213,female,525.38,2.031,female,1,0.000000001,hybrid
CAM016215,male,577.62,2.149,male,0,0.000000001,hybrid
CAM016221,female,543.601,2.115,female,1,0.431633457,hybrid
CAM016229,male,439.725,2.174,male,0,0.000000001,hybrid
CAM016231,male,422.009,2.153,male,0,0.505547213,hybrid
CAM016232,male,450.429,2.114,male,0,0.52627368,hybrid
CAM016233,female,482.488,2.018,female,1,0.999994617,hybrid
CAM016236,male,435.474,2.097,male,0,0.999889687,hybrid
CAM016256,male,527.211,2.166,male,0,0.000000001,hybrid
CAM016258,male,479.543,2.275,male,0,0.430576595,hybrid
CAM016261,male,581.057,2.087,male,0,0.424103552,hybrid
CAM016262,male,503.259,2.042,male,0,0.432546262,hybrid
CAM016265,female,514.622,2.134,female,1,0.462461435,hybrid
CAM016271,male,454.38,2.158,male,0,0.000000001,hybrid
CAM016302,male,443.099,2.129,male,0,0.000000001,hybrid
CAM016303,male,516.448,2.118,male,0,0.500050747,hybrid
CAM016307,male,515.849,2.132,male,0,0.99999998,hybrid
CAM016308,male,428.05,2.188,male,0,0.554272314,hybrid
CAM016310,male,490.089,2.156,male,0,0.52823191,hybrid
CAM016314,female,516.331,2.076,female,1,0.999999999,hybrid
CAM016316,male,523.359,2.138,male,0,0.999999999,hybrid
CAM016317,male,322.996,2.22,male,0,0.514227077,hybrid
CAM016410,male,491.268,2.131,male,0,0.536248428,hybrid
CAM016415,male,500.581,2.104,male,0,0.999999999,hybrid
CAM016423,male,515.58,2.173,male,0,0.000000001,hybrid
CAM016447,male,537.738,2.194,male,0,0.000000001,hybrid
CAM016448,female,489.397,2.099,female,1,0.474554751,hybrid
CAM016451,male,425.003,2.155,male,0,0.000000001,hybrid
CAM016452,male,516.064,2.068,male,0,0.000000001,hybrid
CAM016453,male,572.661,2.21,male,0,0.475479185,hybrid
CAM016455,male,457.439,2.136,male,0,0.485617932,hybrid
CAM016456,female,457.086,2.198,female,1,0.520868216,hybrid
CAM016457,male,466.902,2.244,male,0,0.000000001,hybrid
CAM016458,female,521.289,2.093,female,1,0.45081535,hybrid
CAM016459,male,466.841,2.135,male,0,0.000000001,hybrid
CAM016460,male,532.103,2.18,male,0,0.99959489,hybrid
CAM016461,female,551.307,2.072,female,1,0.21576558,hybrid
CAM016462,male,541.418,2.105,male,0,0.000000001,hybrid
CAM016463,male,435.529,2.158,male,0,0.000000001,hybrid
CAM016464,male,533.671,2.156,male,0,0.482408285,hybrid
CAM016466,female,527.859,2.138,female,1,0.000631207,hybrid
CAM016507,male,575.822,2.099,male,0,0.50197934,hybrid
CAM016512,female,417.986,2.102,female,1,0.999999011,hybrid
CAM016513,female,562.608,2.079,female,1,0.462896657,hybrid
CAM016514,female,409.12,2.055,female,1,0.000000001,hybrid
CAM016515,female,410.186,2.018,female,1,0.524305591,hybrid
CAM016517,female,393.493,2.014,female,1,0.515296322,hybrid
CAM016518,male,500.284,2.192,male,0,0.999999999,hybrid
CAM016520,female,423.824,2.037,female,1,0.486833728,hybrid
CAM016521,male,495.248,2.129,male,0,0.523025529,hybrid
CAM016522,female,496.807,2.124,female,1,0.571180722,hybrid
CAM016523,male,519.59,2.082,male,0,0.567212043,hybrid
CAM016524,male,516.431,2.114,male,0,0.526904426,hybrid
CAM016525,male,507.665,2.175,male,0,0.523992667,hybrid
CAM016526,male,528.326,2.123,male,0,0.000000001,hybrid
CAM016527,male,471.085,2.152,male,0,0.000000001,hybrid
CAM016539,female,506.628,2.288,female,1,0.406906889,lativitta
CAM016553,male,541.675,2.017,male,0,0.477955222,lativitta
CAM016554,male,490.653,2.185,male,0,0.000000001,lativitta
CAM016555,male,541.348,2.085,male,0,0.982203807,lativitta
CAM016556,male,538.218,2.137,male,0,0.000000001,lativitta
CAM016557,male,553.655,2.148,male,0,0.000000001,hybrid
CAM016558,female,410.667,2.096,female,1,0.000000001,lativitta
CAM016559,male,526.742,2.094,male,0,0.000000001,hybrid
CAM016560,male,379.95,2.127,male,0,0.000000001,hybrid
CAM016561,male,437.415,2.178,male,0,0.412130187,lativitta
CAM016562,female,365.781,2.166,female,1,0.000000001,hybrid
CAM016563,male,512.806,2.121,male,0,0.477085051,lativitta
CAM016564,male,492.996,2.063,male,0,0.000000001,lativitta
CAM016565,male,516.187,2.19,male,0,0.000000001,lativitta
CAM016566,male,545.309,2.207,male,0,0.000000001,hybrid
CAM016577,female,513.886,2.133,female,1,0.000000001,hybrid
CAM016578,male,415.781,2.086,male,0,0.990413528,hybrid
CAM016580,male,519.517,2.107,male,0,0.000000001,hybrid
CAM016582,male,550.858,2.224,male,0,0.982867161,hybrid
CAM016584,female,426.08,2.049,female,1,0.000000001,hybrid
CAM016585,male,567.282,2.108,male,0,0.000000001,hybrid
CAM016588,male,582.347,2.1,male,0,0.412444898,hybrid
CAM016590,male,542.926,2.107,male,0,0.442300181,hybrid
CAM016634,male,473.507,2.107,male,0,0.000001815,hybrid
CAM016635,male,560.679,2.131,male,0,0.164333154,hybrid
CAM016636,male,596.475,2.126,male,0,0.522786827,hybrid
CAM016637,female,539.116,2.054,female,1,0.522201545,notabilis
CAM016638,male,487.425,2.133,male,0,0.507783737,hybrid
CAM016639,male,497.319,2.211,male,0,0.999999998,hybrid
CAM016640,male,570.786,2.094,male,0,0.520534419,hybrid
CAM016641,male,446.936,2.167,male,0,0.537643203,hybrid
CAM016642,female,467.176,2.162,female,1,0.529140635,hybrid
CAM016643,female,518.651,2.107,female,1,0.999999999,hybrid
CAM016644,male,452.555,2.151,male,0,0.999999999,hybrid
CAM016645,male,408.625,2.177,male,0,0.50978495,hybrid
CAM016646,female,434.769,2.105,female,1,0.522309001,hybrid
CAM016647,male,444.877,2.08,male,0,0.514192694,hybrid
CAM016648,female,448.151,2.074,female,1,0.999999999,hybrid
CAM016649,male,546.592,2.169,male,0,0.448842628,hybrid
CAM016650,male,520.341,2.09,male,0,0.486343052,hybrid
CAM016651,male,480.283,2.075,male,0,0.502612475,hybrid
CAM016652,male,419.01,2.127,male,0,0.000000085,hybrid
CAM016664,female,473.961,2.081,female,1,0.479057159,hybrid
CAM016665,male,492.945,2.093,male,0,0.999999999,hybrid
CAM016666,female,519.577,2.139,female,1,0.516107582,hybrid
CAM016667,female,449.994,2.186,female,1,0.000000001,hybrid
CAM016668,male,436.796,2.199,male,0,0.99998291,hybrid
CAM016669,female,494.175,2.158,female,1,0.505724047,hybrid
CAM016670,male,393.488,2.212,male,0,0.509158445,hybrid
CAM016671,female,304.743,2.19,female,1,0.505732739,hybrid
CAM016681,male,599.074,2.134,male,0,0.488003768,hybrid
CAM016702,male,418.583,2.208,male,0,0.999999999,notabilis
CAM016703,male,517.478,2.108,male,0,0.999999999,notabilis
CAM016704,male,461.933,2.171,male,0,0.999999999,notabilis
CAM016705,male,479.418,2.007,male,0,0.999999999,notabilis
CAM016706,male,358.941,2.133,male,0,0.637642485,notabilis
CAM016707,male,459.755,2.111,male,0,0.999999999,notabilis
CAM016708,female,512.054,1.943,female,1,0.683968299,notabilis
CAM016709,female,442.008,2.024,female,1,0.680120129,notabilis
CAM016710,female,487.954,2.185,female,1,0.999999999,notabilis
CAM016711,female,512.265,1.995,female,1,0.706684521,notabilis
CAM016712,male,504.238,2.029,male,0,0.999999999,notabilis
CAM016713,female,451.476,2.168,female,1,0.999999999,notabilis
CAM016736,female,461.381,2.137,female,1,0.999999999,hybrid
CAM016740,male,474.459,2.07,male,0,0.999999999,hybrid
CAM016741,male,538.998,2.216,male,0,0.999999999,hybrid
CAM016744,male,504.657,2.135,male,0,0.000001361,hybrid
CAM016745,male,450.163,2.255,male,0,0.999963769,hybrid
CAM016749,female,514.821,2.082,female,1,0.568335806,hybrid
CAM016750,male,414.651,2.209,male,0,0.974849391,hybrid
CAM016752,male,541.041,2.113,male,0,0.519907955,hybrid
CAM016755,male,547.765,2.111,male,0,0.000000001,hybrid
CAM016756,male,308.968,2.241,male,0,0.000000001,hybrid
CAM016757,female,421.991,2.114,female,1,0.000000001,hybrid
CAM016758,male,454.008,2.184,male,0,0.449164298,hybrid
CAM016759,female,497.88,2.013,female,1,0.975940251,hybrid
CAM016760,female,556.025,2.073,female,1,0.468160699,hybrid
CAM016761,male,478.397,2.222,male,0,0.999999613,hybrid
CAM016762,male,458.765,2.057,male,0,0.000000001,hybrid
CAM016763,female,507.608,2.127,female,1,0.000000001,hybrid
CAM016764,male,434.336,2.204,male,0,0.000000001,hybrid
CAM016767,female,479.348,2.192,female,1,0.426275394,hybrid
CAM016768,male,518.893,2.246,male,0,0.000000001,hybrid
CAM016771,male,586.528,2.093,male,0,0.000000001,hybrid
CAM016777,male,550.73,2.242,male,0,0.000000001,hybrid
CAM016780,male,495.177,2.157,male,0,0.486289775,hybrid
CAM016783,male,537.705,2.142,male,0,0.481477236,hybrid
CAM016784,male,502.308,2.186,male,0,0.000000001,hybrid
CAM016786,male,493.391,2.228,male,0,0.501117386,hybrid
CAM016787,male,514.066,2.15,male,0,0.515972037,hybrid
CAM016788,male,439.544,2.116,male,0,0.000000005,hybrid
CAM016789,male,619.7,2.14,male,0,0.464291088,hybrid
CAM016790,male,455.375,2.08,male,0,0.000000001,hybrid
CAM016791,male,524.05,2.259,male,0,0.000000001,hybrid
CAM016793,male,478.169,2.093,male,0,0.483125692,hybrid
CAM016794,female,418.109,2.083,female,1,0.000003772,hybrid
CAM016795,female,576.717,2.068,female,1,0.467992656,hybrid
CAM016796,male,524.795,2.163,male,0,0.471367664,hybrid
CAM016813,male,513.827,2.109,male,0,0.560202742,hybrid
CAM016816,male,424.376,2.159,male,0,0.510494704,hybrid
CAM016823,male,413.876,2.198,male,0,0.547070202,hybrid
CAM016824,male,425.288,2.225,male,0,0.475111958,hybrid
CAM016827,male,530.072,2.124,male,0,0.000001441,hybrid
CAM016832,female,464.452,2.168,female,1,0.555343526,hybrid
CAM016833,female,472.394,2.062,female,1,0.922083782,hybrid
CAM016837,female,516.594,2.135,female,1,0.000000044,hybrid
CAM016838,female,492.413,2.172,female,1,0.498709235,hybrid
CAM016839,female,463.831,2.143,female,1,0.537325261,hybrid
CAM016840,male,395.835,2.102,male,0,0.998483643,hybrid
CAM016841,male,498.009,2.177,male,0,0.530339147,hybrid
CAM016842,female,405.395,2.123,female,1,0.479504875,hybrid
CAM016845,male,375.829,2.254,male,0,0.996613653,hybrid
CAM016848,male,496.164,2.11,male,0,0.000000001,hybrid
CAM016850,female,486.065,2.097,female,1,0.999999984,hybrid
CAM016852,female,446.324,2.199,female,1,0.512515843,hybrid
CAM016853,male,510.591,2.136,male,0,0.506378323,hybrid
CAM016855,male,410.272,2.107,male,0,0.478819544,hybrid
CAM016862,female,444.167,2.152,female,1,0.997718585,hybrid
CAM016864,male,513.545,2.146,male,0,0.999999999,hybrid
CAM016866,male,528.319,2.175,male,0,0.999999999,hybrid
CAM016872,male,447.938,2.145,male,0,0.999999999,notabilis
CAM016873,female,526.172,2.19,female,1,0.001520677,notabilis
CAM016875,female,531.735,2.084,female,1,0.636521423,notabilis
CAM016876,male,448.371,2.068,male,0,0.999999999,notabilis
CAM016877,male,526.425,2.049,male,0,0.999999999,notabilis
CAM016879,male,486.813,2.051,male,0,0.999999999,notabilis
CAM016881,male,495.351,2.183,male,0,0.999999999,notabilis
CAM016882,female,346.637,2.148,female,1,0.786420662,notabilis
CAM016883,female,468.82,2.07,female,1,0.999999999,notabilis
CAM016885,male,535.298,2.018,male,0,0.574663158,notabilis
CAM016886,female,512.374,2.077,female,1,0.999999999,notabilis
CAM016898,female,514.806,2.018,female,1,0.999999999,notabilis
CAM016899,male,484.519,2.103,male,0,0.999999999,notabilis
CAM016900,male,516.128,2.192,male,0,0.040445671,notabilis
CAM016901,male,517.149,2.162,male,0,0.627368678,notabilis
CAM016924,male,487.77,2.153,male,0,0.531696875,hybrid
CAM016927,male,540.155,2.182,male,0,0.000000001,hybrid
CAM016930,male,484.938,2.032,male,0,0.997340282,hybrid
CAM016947,male,508.012,2.185,male,0,0.424993254,hybrid
CAM016961,female,406.143,2.184,female,1,0.000000001,hybrid
CAM016964,male,411.992,2.209,male,0,0.000000001,hybrid
CAM016965,male,537.813,2.122,male,0,0.000000001,hybrid
CAM016968,female,465.881,2.215,female,1,0.494871316,hybrid
CAM016969,male,391.277,2.185,male,0,0.431075978,hybrid
CAM016970,female,404.61,2.27,female,1,0.494374715,hybrid
CAM016976,female,448.21,2.131,female,1,0.000000001,hybrid
CAM016978,male,463.976,2.182,male,0,0.268579483,hybrid
CAM016979,male,556.923,2.195,male,0,0.000000001,hybrid
CAM016980,male,463.753,2.135,male,0,0.495637243,hybrid
CAM016981,male,453.952,2.108,male,0,0.000000001,hybrid
CAM016985,female,569.984,2.138,female,1,0.999993338,hybrid
CAM016986,male,420.745,2.139,male,0,0.483505089,hybrid
CAM016987,male,489.792,2.123,male,0,0.472247072,hybrid
CAM016995,female,541.227,2.097,female,1,0.000000001,hybrid
CAM016996,female,546.48,2.087,female,1,0.481981287,hybrid
CAM016997,male,523.26,2.102,male,0,0.000000001,hybrid
CAM017000,male,518.284,2.103,male,0,0.443248582,hybrid
CAM017001,male,501.828,2.154,male,0,0.472570336,hybrid
CAM017002,male,469.501,2.179,male,0,0.000000001,hybrid
CAM017003,male,514.246,2.148,male,0,0.452307545,hybrid
CAM017004,female,491.363,2.095,female,1,0.999934418,hybrid
CAM017010,male,582.326,2.171,male,0,0.000000001,hybrid
CAM017011,male,534.319,2.19,male,0,0.4279352,hybrid
CAM017020,female,544.356,2.091,female,1,0.000000001,hybrid
CAM017022,male,475.085,2.167,male,0,0.000000001,hybrid
CAM017023,male,330.051,2.171,male,0,0.438482809,hybrid
CAM017025,male,505.913,2.125,male,0,0.965982955,hybrid
CAM017028,female,495.357,2.228,female,1,0.429343711,hybrid
CAM017029,female,502.761,2.127,female,1,0.000000001,hybrid
CAM017031,male,524.84,2.099,male,0,0.000000001,hybrid
CAM017032,male,444.822,2.128,male,0,0.49311872,hybrid
CAM017033,male,550.54,2.171,male,0,0.461574754,hybrid
CAM017034,female,488.826,2.093,female,1,0.000000001,hybrid
CAM017036,male,384.539,2.152,male,0,0.548596915,hybrid
CAM017037,male,608.911,2.043,male,0,0.538817411,hybrid
CAM017038,male,484.517,2.134,male,0,0.995305503,hybrid
CAM017039,male,528.756,2.125,male,0,0.999869377,hybrid
CAM017042,male,555.668,2.165,male,0,0.540231734,hybrid
CAM017044,male,479.407,2.151,male,0,0.000000001,hybrid
CAM017045,male,510.689,2.045,male,0,0.000000001,hybrid
CAM017050,female,480.591,2.148,female,1,0.438186888,hybrid
CAM017051,male,525.471,2.256,male,0,0.000000001,hybrid
CAM017052,male,452.145,2.166,male,0,0.43568585,hybrid
CAM017054,male,558.635,2.162,male,0,0.488050991,hybrid
CAM017055,male,497.641,2.175,male,0,0.490011891,hybrid
CAM017056,female,568.654,2.064,female,1,0.485956585,hybrid
CAM017057,male,464.573,2.092,male,0,0.420367887,hybrid
CAM017058,male,475.42,2.144,male,0,0.491150124,hybrid
CAM017059,male,444.92,2.047,male,0,0.000000001,hybrid
CAM017062,male,397.005,2.234,male,0,0.506928161,hybrid
CAM017063,male,524.339,2.211,male,0,0.48185921,hybrid
CAM017065,male,600.369,2.147,male,0,0.000000001,hybrid
CAM017074,male,381.603,2.146,male,0,0.461785876,hybrid
CAM017079,male,441.158,2.128,male,0,0.000000001,lativitta
CAM017082,female,430.989,2.162,female,1,0.000000001,lativitta
CAM017085,male,495.198,2.205,male,0,0.000000001,hybrid
CAM017086,female,516.044,2.084,female,1,0.999518382,lativitta
CAM017087,male,526.875,2.173,male,0,0.424848182,hybrid
CAM017088,male,504.062,2.179,male,0,0.000000001,hybrid
CAM017109,male,492.633,2.189,male,0,0.448253546,hybrid
CAM017110,male,489.093,2.156,male,0,0.452451418,hybrid
CAM017114,male,471.784,2.105,male,0,0.461572754,hybrid
CAM017116,male,604.792,2.152,male,0,0.469944967,hybrid
CAM017118,male,510.713,2.148,male,0,0.000000001,hybrid
CAM017119,male,562.556,2.15,male,0,0.431768236,hybrid
CAM017122,male,515.414,2.061,male,0,0.000000001,hybrid
CAM017127,male,344.508,2.1,male,0,0.000000001,hybrid
CAM017129,male,472.608,2.173,male,0,0.397269588,hybrid
CAM017130,male,334.627,2.157,male,0,0.000000001,hybrid
CAM017132,female,323.058,2.168,female,1,0.000000001,hybrid
CAM017133,male,457.901,2.187,male,0,0.000000001,hybrid
CAM017141,female,500.229,2.052,female,1,0.000000001,hybrid
CAM017142,female,499.605,2.038,female,1,0.999999999,hybrid
CAM017143,male,492.649,2.232,male,0,0.999999999,hybrid
CAM017144,male,510.411,2.084,male,0,0.000000001,hybrid
CAM017145,male,469.632,2.242,male,0,0.544785429,hybrid
CAM017146,male,536.183,2.184,male,0,0.000000001,hybrid
CAM017147,male,410.486,2.162,male,0,0.53335622,hybrid
CAM017148,female,446.622,2.125,female,1,0.533699196,hybrid
CAM017149,male,575.265,2.105,male,0,0.515251922,hybrid
CAM017150,male,489.667,2.233,male,0,0.472424943,hybrid
CAM017151,male,468.031,2.142,male,0,0.000000001,hybrid
CAM017157,male,426.976,2.191,male,0,0.518961023,hybrid
CAM017158,male,500.469,2.233,male,0,0.000000001,hybrid
CAM017159,female,502.785,2.151,female,1,0.507855411,hybrid
CAM017160,female,444.292,2.076,female,1,0.534415885,hybrid
CAM017161,female,558.233,2.094,female,1,0.000000001,hybrid
CAM017163,female,429.343,2.21,female,1,0.000000001,hybrid
CAM017165,female,477.852,2.073,female,1,0.000000001,hybrid
CAM017166,male,484.019,2.204,male,0,0.000000001,lativitta
CAM017167,male,538.509,2.134,male,0,0.000000001,lativitta
CAM017168,male,501.714,2.128,male,0,0.000000001,lativitta
CAM017169,male,498.428,2.145,male,0,0.196399563,lativitta
CAM017170,male,477.68,2.181,male,0,0.96306751,lativitta
CAM017171,male,410.819,2.115,male,0,0.438317002,lativitta
CAM017191,male,501.392,2.228,male,0,0.524192834,hybrid
CAM017192,male,495.808,2.176,male,0,0.994631492,hybrid
CAM017201,male,452.053,2.195,male,0,0.000015988,hybrid
CAM017206,male,487.288,2.117,male,0,0.999999999,hybrid
CAM017215,male,495.981,2.156,male,0,0.999993035,hybrid
CAM017220,female,500.903,2.082,female,1,0.997724861,hybrid
CAM017222,female,378.141,2.219,female,1,0.534843476,hybrid
CAM017224,male,519.505,2.11,male,0,0.51860547,hybrid
CAM017225,female,508.885,2.024,female,1,0.999999999,hybrid
CAM017226,female,485.586,2.106,female,1,0.999999999,hybrid
CAM017229,male,505.032,2.159,male,0,0.564631429,hybrid
CAM017230,male,420.627,2.15,male,0,0.485238443,hybrid
CAM017234,female,511.595,2.052,female,1,0.835792653,hybrid
CAM017235,male,534.64,2.127,male,0,0.535982407,hybrid
CAM017265,male,391.861,2.197,male,0,0.427657969,hybrid
CAM017266,male,398.441,2.147,male,0,0.423028472,hybrid
CAM017270,male,475.665,2.162,male,0,0.000000001,hybrid
CAM017274,male,492.139,2.175,male,0,0.937468441,hybrid
CAM017275,male,566.711,2.169,male,0,0.520671159,hybrid
CAM017276,male,465.522,2.249,male,0,0.000000001,hybrid
CAM017277,male,449.752,2.175,male,0,0.473870747,hybrid
CAM017280,female,501.108,2.077,female,1,0.458368225,hybrid
CAM017281,male,513.523,2.196,male,0,0.45707208,hybrid
CAM017284,male,518.85,2.163,male,0,0.471077968,lativitta
CAM017287,male,509.87,2.067,male,0,0.000000001,hybrid
CAM017296,male,533.742,2.218,male,0,0.482919073,hybrid
CAM017297,male,414.081,2.164,male,0,0.499064665,hybrid
CAM017298,male,498.932,2.128,male,0,0.999999999,hybrid
CAM017300,female,382.281,2.069,female,1,0.486481901,hybrid
CAM017301,female,387.371,2.145,female,1,0.519103174,hybrid
CAM017302,male,457.342,2.237,male,0,0.490046268,hybrid
CAM017303,male,508.301,2.144,male,0,0.453538428,hybrid
CAM017306,male,458.01,2.125,male,0,0.937109434,hybrid
CAM017307,male,515.452,2.175,male,0,0.988183882,hybrid
CAM017308,female,410.398,2.138,female,1,0.480674249,hybrid
CAM017309,male,486.34,2.157,male,0,0.999999852,hybrid
CAM017310,female,317.17,2.096,female,1,0.502710603,hybrid
CAM017311,female,494.364,2.193,female,1,0.468362923,hybrid
CAM017312,male,450.591,2.123,male,0,0.999999999,hybrid
CAM017314,male,549.095,2.123,male,0,0.541055789,hybrid
CAM017315,female,440.858,2.104,female,1,0.999400076,hybrid
CAM017316,male,451.056,2.127,male,0,0.999281006,hybrid
CAM017317,male,521.415,2.171,male,0,0.999700597,hybrid
CAM017318,male,472.254,2.101,male,0,0.517395507,hybrid
CAM017319,male,513.88,2.215,male,0,0.000000001,hybrid
CAM017320,male,523.929,2.083,male,0,0.999999999,notabilis
CAM017328,male,442.62,2.106,male,0,0.999999999,hybrid
CAM017330,female,509.708,2.09,female,1,0.50206831,hybrid
CAM017331,female,317.816,2.169,female,1,0.541372331,hybrid
CAM017332,male,449.983,2.206,male,0,0.986010141,hybrid
CAM017333,male,372.73,2.15,male,0,0.513293717,hybrid
CAM017334,male,449.945,2.153,male,0,0.343784925,hybrid
CAM017337,male,503.262,2.122,male,0,0.536153599,hybrid
CAM017338,male,420.468,2.129,male,0,0.999999999,hybrid
CAM017339,female,409.108,2.099,female,1,0.563778771,hybrid
CAM017340,male,521.239,2.226,male,0,0.577500408,hybrid
CAM017341,male,509.017,2.11,male,0,0.52103967,hybrid
CAM017342,female,501.271,2.181,female,1,0.999999986,notabilis
CAM017343,female,526.221,2.132,female,1,0.486159221,hybrid
CAM017346,female,484.18,2.09,female,1,0.56209551,hybrid
CAM017347,male,515.555,2.138,male,0,0.541208178,hybrid
CAM017348,male,503.472,2.251,male,0,0.998502691,hybrid
CAM017349,male,548.488,2.09,male,0,0.999999999,hybrid
CAM017350,female,550.127,2.042,female,1,0.521467423,hybrid
CAM017393,male,486.109,2.032,male,0,0.000000001,hybrid
CAM017395,female,562.632,2.085,female,1,0.470524981,lativitta
CAM017396,male,482.141,2.315,male,0,0.000000001,lativitta
CAM017397,male,413.126,2.161,male,0,0.440777437,lativitta
CAM017398,male,471.189,2.204,male,0,0.454409284,hybrid
CAM017399,male,478.019,2.133,male,0,0.000000001,lativitta
CAM017407,female,485.666,2.004,female,1,0.000000001,hybrid
CAM017408,male,493.35,2.147,male,0,0.000000001,hybrid
CAM017410,male,509.515,2.147,male,0,0.000000001,hybrid
CAM017413,female,458.256,2.068,female,1,0.000000001,lativitta
CAM017414,female,511.784,2.081,female,1,0.476813272,lativitta
CAM017415,male,565.256,2.224,male,0,0.458866148,lativitta
CAM017416,male,492.99,2.102,male,0,0.000000001,lativitta
CAM017418,female,553.246,2.138,female,1,0.412832919,hybrid
CAM017419,male,461.837,2.278,male,0,0.440133529,hybrid
CAM017420,male,595.856,2.126,male,0,0.000000001,hybrid
CAM017421,male,400.333,2.107,male,0,0.462622467,hybrid
CAM017422,male,521.493,2.117,male,0,0.978868841,hybrid
CAM017424,male,421.915,2.239,male,0,0.000000001,hybrid
CAM017425,female,421.114,2.086,female,1,0.999958499,hybrid
CAM017426,female,440.325,2.145,female,1,0.997719482,hybrid
CAM017427,male,496.906,2.181,male,0,0.494303767,hybrid
CAM017428,male,513.978,2.181,male,0,0.000000001,lativitta
CAM017429,female,537.474,2.087,female,1,0.000000001,hybrid
CAM017432,male,490.957,2.11,male,0,0.000000001,hybrid
CAM017433,male,440.944,2.071,male,0,0.527233595,hybrid
CAM017435,female,437.022,2.116,female,1,0.000000001,hybrid
CAM017436,male,491.715,2.221,male,0,0.999999999,hybrid
CAM017438,male,479.55,2.069,male,0,0.492510626,hybrid
CAM017439,male,469.106,2.204,male,0,0.000000001,hybrid
CAM017441,male,497.678,2.264,male,0,0.519343031,hybrid
CAM017443,male,471.108,2.239,male,0,0.000000001,hybrid
CAM017444,female,538.832,2.037,female,1,0.503022441,hybrid
CAM017445,female,433.647,2.073,female,1,0.007302786,hybrid
CAM017446,female,454.85,2.016,female,1,0.501650361,hybrid
CAM017447,male,456.911,2.227,male,0,0.474676449,hybrid
CAM017601,male,513.463,2.181,male,0,0.502749447,hybrid
CAM017602,male,427.063,2.247,male,0,0.57936994,hybrid
CAM017603,male,518.53,2.159,male,0,0.538817622,hybrid
CAM017604,male,466.202,2.185,male,0,0.999999715,hybrid
CAM017606,female,482.276,2.092,female,1,0.999999999,hybrid
CAM017607,male,516.13,2.126,male,0,0.511942337,hybrid
CAM017608,male,609.049,2.195,male,0,0.000000089,hybrid
CAM017610,male,553.064,2.127,male,0,0.999998465,hybrid